"filename", "language", "PHP", "JavaScript", "SCSS", "CSS", "Markdown", "XML", "JSON", "comment", "blank", "total"
"c:\wamp64\www\roleandpermission\README.md", "Markdown", 0, 0, 0, 0, 45, 0, 0, 0, 22, 67
"c:\wamp64\www\roleandpermission\app\Http\Controllers\Auth\ConfirmPasswordController.php", "PHP", 13, 0, 0, 0, 0, 0, 0, 20, 7, 40
"c:\wamp64\www\roleandpermission\app\Http\Controllers\Auth\ForgotPasswordController.php", "PHP", 8, 0, 0, 0, 0, 0, 0, 10, 5, 23
"c:\wamp64\www\roleandpermission\app\Http\Controllers\Auth\LoginController.php", "PHP", 31, 0, 0, 0, 0, 0, 0, 18, 12, 61
"c:\wamp64\www\roleandpermission\app\Http\Controllers\Auth\RegisterController.php", "PHP", 32, 0, 0, 0, 0, 0, 0, 32, 9, 73
"c:\wamp64\www\roleandpermission\app\Http\Controllers\Auth\ResetPasswordController.php", "PHP", 9, 0, 0, 0, 0, 0, 0, 15, 6, 30
"c:\wamp64\www\roleandpermission\app\Http\Controllers\Auth\VerificationController.php", "PHP", 15, 0, 0, 0, 0, 0, 0, 20, 7, 42
"c:\wamp64\www\roleandpermission\app\Http\Controllers\Backend\Blogs.php", "PHP", 312, 0, 0, 0, 0, 0, 0, 0, 60, 372
"c:\wamp64\www\roleandpermission\app\Http\Controllers\Backend\Citylist.php", "PHP", 72, 0, 0, 0, 0, 0, 0, 4, 22, 98
"c:\wamp64\www\roleandpermission\app\Http\Controllers\Backend\Companies.php", "PHP", 156, 0, 0, 0, 0, 0, 0, 0, 28, 184
"c:\wamp64\www\roleandpermission\app\Http\Controllers\Backend\Countrylist.php", "PHP", 69, 0, 0, 0, 0, 0, 0, 3, 21, 93
"c:\wamp64\www\roleandpermission\app\Http\Controllers\Backend\Department.php", "PHP", 88, 0, 0, 0, 0, 0, 0, 0, 25, 113
"c:\wamp64\www\roleandpermission\app\Http\Controllers\Backend\Designation.php", "PHP", 103, 0, 0, 0, 0, 0, 0, 0, 24, 127
"c:\wamp64\www\roleandpermission\app\Http\Controllers\Backend\Domain.php", "PHP", 133, 0, 0, 0, 0, 0, 0, 0, 26, 159
"c:\wamp64\www\roleandpermission\app\Http\Controllers\Backend\FileManagerController.php", "PHP", 11, 0, 0, 0, 0, 0, 0, 0, 7, 18
"c:\wamp64\www\roleandpermission\app\Http\Controllers\Backend\HomeController.php", "PHP", 15, 0, 0, 0, 0, 0, 0, 10, 6, 31
"c:\wamp64\www\roleandpermission\app\Http\Controllers\Backend\Language.php", "PHP", 93, 0, 0, 0, 0, 0, 0, 0, 26, 119
"c:\wamp64\www\roleandpermission\app\Http\Controllers\Backend\Menu.php", "PHP", 132, 0, 0, 0, 0, 0, 0, 10, 40, 182
"c:\wamp64\www\roleandpermission\app\Http\Controllers\Backend\Module.php", "PHP", 415, 0, 0, 0, 0, 0, 0, 60, 95, 570
"c:\wamp64\www\roleandpermission\app\Http\Controllers\Backend\Newss.php", "PHP", 312, 0, 0, 0, 0, 0, 0, 1, 56, 369
"c:\wamp64\www\roleandpermission\app\Http\Controllers\Backend\Pagess.php", "PHP", 118, 0, 0, 0, 0, 0, 0, 0, 26, 144
"c:\wamp64\www\roleandpermission\app\Http\Controllers\Backend\ProductController.php", "PHP", 61, 0, 0, 0, 0, 0, 0, 46, 17, 124
"c:\wamp64\www\roleandpermission\app\Http\Controllers\Backend\RoleController.php", "PHP", 105, 0, 0, 0, 0, 0, 0, 47, 32, 184
"c:\wamp64\www\roleandpermission\app\Http\Controllers\Backend\Statelist.php", "PHP", 72, 0, 0, 0, 0, 0, 0, 4, 21, 97
"c:\wamp64\www\roleandpermission\app\Http\Controllers\Backend\Test.php", "PHP", 23, 0, 0, 0, 0, 0, 0, 4, 9, 36
"c:\wamp64\www\roleandpermission\app\Http\Controllers\Backend\UserController.php", "PHP", 87, 0, 0, 0, 0, 0, 0, 42, 24, 153
"c:\wamp64\www\roleandpermission\app\Http\Controllers\Controller.php", "PHP", 9, 0, 0, 0, 0, 0, 0, 0, 4, 13
"c:\wamp64\www\roleandpermission\app\Http\Controllers\frontend\blogfront.php", "PHP", 56, 0, 0, 0, 0, 0, 0, 12, 16, 84
"c:\wamp64\www\roleandpermission\app\Http\Controllers\frontend\dashboard.php", "PHP", 17, 0, 0, 0, 0, 0, 0, 0, 6, 23
"c:\wamp64\www\roleandpermission\app\Http\Controllers\frontend\newsfront.php", "PHP", 63, 0, 0, 0, 0, 0, 0, 12, 14, 89
"c:\wamp64\www\roleandpermission\app\Models\Blog.php", "PHP", 27, 0, 0, 0, 0, 0, 0, 0, 8, 35
"c:\wamp64\www\roleandpermission\app\Models\Blogcategory.php", "PHP", 13, 0, 0, 0, 0, 0, 0, 1, 5, 19
"c:\wamp64\www\roleandpermission\app\Models\Citylists.php", "PHP", 7, 0, 0, 0, 0, 0, 0, 0, 5, 12
"c:\wamp64\www\roleandpermission\app\Models\Countrylists.php", "PHP", 10, 0, 0, 0, 0, 0, 0, 0, 4, 14
"c:\wamp64\www\roleandpermission\app\Models\Product.php", "PHP", 11, 0, 0, 0, 0, 0, 0, 5, 5, 21
"c:\wamp64\www\roleandpermission\app\Models\Statelists.php", "PHP", 7, 0, 0, 0, 0, 0, 0, 0, 5, 12
"c:\wamp64\www\roleandpermission\app\Models\Tests.php", "PHP", 6, 0, 0, 0, 0, 0, 0, 1, 4, 11
"c:\wamp64\www\roleandpermission\app\Models\User.php", "PHP", 36, 0, 0, 0, 0, 0, 0, 15, 7, 58
"c:\wamp64\www\roleandpermission\app\Models\company.php", "PHP", 9, 0, 0, 0, 0, 0, 0, 0, 6, 15
"c:\wamp64\www\roleandpermission\app\Models\companyaddress.php", "PHP", 14, 0, 0, 0, 0, 0, 0, 0, 4, 18
"c:\wamp64\www\roleandpermission\app\Models\departments.php", "PHP", 7, 0, 0, 0, 0, 0, 0, 0, 5, 12
"c:\wamp64\www\roleandpermission\app\Models\designations.php", "PHP", 10, 0, 0, 0, 0, 0, 0, 0, 4, 14
"c:\wamp64\www\roleandpermission\app\Models\domains.php", "PHP", 7, 0, 0, 0, 0, 0, 0, 0, 5, 12
"c:\wamp64\www\roleandpermission\app\Models\languages.php", "PHP", 7, 0, 0, 0, 0, 0, 0, 0, 5, 12
"c:\wamp64\www\roleandpermission\app\Models\menus.php", "PHP", 7, 0, 0, 0, 0, 0, 0, 0, 5, 12
"c:\wamp64\www\roleandpermission\app\Models\modules.php", "PHP", 17, 0, 0, 0, 0, 0, 0, 0, 5, 22
"c:\wamp64\www\roleandpermission\app\Models\news.php", "PHP", 21, 0, 0, 0, 0, 0, 0, 0, 3, 24
"c:\wamp64\www\roleandpermission\app\Models\newscategory.php", "PHP", 13, 0, 0, 0, 0, 0, 0, 0, 4, 17
"c:\wamp64\www\roleandpermission\app\Models\pages.php", "PHP", 9, 0, 0, 0, 0, 0, 0, 0, 5, 14
"c:\wamp64\www\roleandpermission\app\Models\permissions.php", "PHP", 13, 0, 0, 0, 0, 0, 0, 0, 2, 15
"c:\wamp64\www\roleandpermission\app\Models\statuss.php", "PHP", 7, 0, 0, 0, 0, 0, 0, 0, 5, 12
"c:\wamp64\www\roleandpermission\app\Providers\AppServiceProvider.php", "PHP", 22, 0, 0, 0, 0, 0, 0, 8, 6, 36
"c:\wamp64\www\roleandpermission\bootstrap\app.php", "PHP", 19, 0, 0, 0, 0, 0, 0, 1, 3, 23
"c:\wamp64\www\roleandpermission\bootstrap\providers.php", "PHP", 4, 0, 0, 0, 0, 0, 0, 0, 2, 6
"c:\wamp64\www\roleandpermission\composer.json", "JSON", 0, 0, 0, 0, 0, 0, 80, 0, 1, 81
"c:\wamp64\www\roleandpermission\composer.lock", "JSON", 0, 0, 0, 0, 0, 0, 9400, 0, 1, 9401
"c:\wamp64\www\roleandpermission\config\app.php", "PHP", 22, 0, 0, 0, 0, 0, 0, 82, 23, 127
"c:\wamp64\www\roleandpermission\config\auth.php", "PHP", 28, 0, 0, 0, 0, 0, 0, 74, 14, 116
"c:\wamp64\www\roleandpermission\config\cache.php", "PHP", 57, 0, 0, 0, 0, 0, 0, 34, 18, 109
"c:\wamp64\www\roleandpermission\config\database.php", "PHP", 108, 0, 0, 0, 0, 0, 0, 43, 23, 174
"c:\wamp64\www\roleandpermission\config\datatables.php", "PHP", 33, 0, 0, 0, 0, 0, 0, 77, 18, 128
"c:\wamp64\www\roleandpermission\config\file-manager.php", "PHP", 32, 0, 0, 0, 0, 0, 0, 110, 26, 168
"c:\wamp64\www\roleandpermission\config\filesystems.php", "PHP", 40, 0, 0, 0, 0, 0, 0, 32, 16, 88
"c:\wamp64\www\roleandpermission\config\logging.php", "PHP", 79, 0, 0, 0, 0, 0, 0, 33, 21, 133
"c:\wamp64\www\roleandpermission\config\mail.php", "PHP", 55, 0, 0, 0, 0, 0, 0, 43, 19, 117
"c:\wamp64\www\roleandpermission\config\modules.php", "PHP", 122, 0, 0, 0, 0, 0, 0, 136, 25, 283
"c:\wamp64\www\roleandpermission\config\permission.php", "PHP", 32, 0, 0, 0, 0, 0, 0, 109, 46, 187
"c:\wamp64\www\roleandpermission\config\queue.php", "PHP", 52, 0, 0, 0, 0, 0, 0, 44, 17, 113
"c:\wamp64\www\roleandpermission\config\services.php", "PHP", 20, 0, 0, 0, 0, 0, 0, 11, 8, 39
"c:\wamp64\www\roleandpermission\config\session.php", "PHP", 23, 0, 0, 0, 0, 0, 0, 160, 35, 218
"c:\wamp64\www\roleandpermission\database\factories\UserFactory.php", "PHP", 25, 0, 0, 0, 0, 0, 0, 14, 6, 45
"c:\wamp64\www\roleandpermission\database\migrations\0001_01_01_000000_create_users_table.php", "PHP", 41, 0, 0, 0, 0, 0, 0, 6, 7, 54
"c:\wamp64\www\roleandpermission\database\migrations\0001_01_01_000001_create_cache_table.php", "PHP", 25, 0, 0, 0, 0, 0, 0, 6, 5, 36
"c:\wamp64\www\roleandpermission\database\migrations\0001_01_01_000002_create_jobs_table.php", "PHP", 46, 0, 0, 0, 0, 0, 0, 6, 6, 58
"c:\wamp64\www\roleandpermission\database\migrations\2024_12_13_053413_create_permission_tables.php", "PHP", 109, 0, 0, 0, 0, 0, 0, 8, 24, 141
"c:\wamp64\www\roleandpermission\database\migrations\2024_12_13_054404_create_products_table.php", "PHP", 20, 0, 0, 0, 0, 0, 0, 10, 4, 34
"c:\wamp64\www\roleandpermission\database\migrations\2024_12_13_115137_create_blog_category_table.php", "PHP", 19, 0, 0, 0, 0, 0, 0, 6, 4, 29
"c:\wamp64\www\roleandpermission\database\migrations\2024_12_13_120157_create_blogs_table.php", "PHP", 34, 0, 0, 0, 0, 0, 0, 1, 7, 42
"c:\wamp64\www\roleandpermission\database\migrations\2024_12_14_045351_create_newscategory_table.php", "PHP", 19, 0, 0, 0, 0, 0, 0, 6, 4, 29
"c:\wamp64\www\roleandpermission\database\migrations\2024_12_14_045428_create_news_table.php", "PHP", 34, 0, 0, 0, 0, 0, 0, 6, 5, 45
"c:\wamp64\www\roleandpermission\database\migrations\2024_12_14_051446_create_pages_table.php", "PHP", 21, 0, 0, 0, 0, 0, 0, 6, 4, 31
"c:\wamp64\www\roleandpermission\database\migrations\2024_12_14_085742_create_company_table.php", "PHP", 21, 0, 0, 0, 0, 0, 0, 6, 4, 31
"c:\wamp64\www\roleandpermission\database\migrations\2024_12_14_090430_create_companyaddress_table.php", "PHP", 24, 0, 0, 0, 0, 0, 0, 6, 4, 34
"c:\wamp64\www\roleandpermission\database\migrations\2024_12_14_120920_add_user_id_to_news_table.php", "PHP", 18, 0, 0, 0, 0, 0, 0, 7, 5, 30
"c:\wamp64\www\roleandpermission\database\migrations\2024_12_14_121554_add_user_id_to_pages_table.php", "PHP", 18, 0, 0, 0, 0, 0, 0, 7, 4, 29
"c:\wamp64\www\roleandpermission\database\migrations\2024_12_17_074353_create_module_table.php", "PHP", 22, 0, 0, 0, 0, 0, 0, 6, 4, 32
"c:\wamp64\www\roleandpermission\database\migrations\2024_12_30_111048_create_menu_table.php", "PHP", 21, 0, 0, 0, 0, 0, 0, 6, 4, 31
"c:\wamp64\www\roleandpermission\database\migrations\2025_01_02_073605_create_domain_table.php", "PHP", 28, 0, 0, 0, 0, 0, 0, 6, 5, 39
"c:\wamp64\www\roleandpermission\database\migrations\2025_01_02_101838_create_language_table.php", "PHP", 20, 0, 0, 0, 0, 0, 0, 6, 5, 31
"c:\wamp64\www\roleandpermission\database\migrations\2025_01_03_105540_create_department_table.php", "PHP", 19, 0, 0, 0, 0, 0, 0, 6, 4, 29
"c:\wamp64\www\roleandpermission\database\migrations\2025_01_03_115204_create_designation_table.php", "PHP", 22, 0, 0, 0, 0, 0, 0, 6, 4, 32
"c:\wamp64\www\roleandpermission\database\migrations\2025_01_07_051110_create_status_table.php", "PHP", 19, 0, 0, 0, 0, 0, 0, 6, 4, 29
"c:\wamp64\www\roleandpermission\database\migrations\2025_01_24_121333_create_tests_table.php", "PHP", 18, 0, 0, 0, 0, 0, 0, 6, 4, 28
"c:\wamp64\www\roleandpermission\database\seeders\CreateAdminUserSeeder.php", "PHP", 22, 0, 0, 0, 0, 0, 0, 3, 8, 33
"c:\wamp64\www\roleandpermission\database\seeders\DatabaseSeeder.php", "PHP", 14, 0, 0, 0, 0, 0, 0, 5, 5, 24
"c:\wamp64\www\roleandpermission\database\seeders\PermissionTableSeeder.php", "PHP", 24, 0, 0, 0, 0, 0, 0, 3, 6, 33
"c:\wamp64\www\roleandpermission\package-lock.json", "JSON", 0, 0, 0, 0, 0, 0, 3410, 0, 1, 3411
"c:\wamp64\www\roleandpermission\package.json", "JSON", 0, 0, 0, 0, 0, 0, 23, 0, 1, 24
"c:\wamp64\www\roleandpermission\phpunit.xml", "XML", 0, 0, 0, 0, 0, 31, 0, 2, 1, 34
"c:\wamp64\www\roleandpermission\postcss.config.js", "JavaScript", 0, 6, 0, 0, 0, 0, 0, 0, 1, 7
"c:\wamp64\www\roleandpermission\public\bootstrap-iconpicker\css\bootstrap-iconpicker.css", "CSS", 0, 0, 0, 40, 0, 0, 0, 9, 12, 61
"c:\wamp64\www\roleandpermission\public\bootstrap-iconpicker\css\bootstrap-iconpicker.min.css", "CSS", 0, 0, 0, 40, 0, 0, 0, 9, 11, 60
"c:\wamp64\www\roleandpermission\public\bootstrap-iconpicker\js\bootstrap-iconpicker-iconset-all.js", "JavaScript", 0, 26369, 0, 0, 0, 0, 0, 78, 67, 26514
"c:\wamp64\www\roleandpermission\public\bootstrap-iconpicker\js\bootstrap-iconpicker-iconset-all.min.js", "JavaScript", 0, 18, 0, 0, 0, 0, 0, 9, 1, 28
"c:\wamp64\www\roleandpermission\public\bootstrap-iconpicker\js\bootstrap-iconpicker.bundle.min.js", "JavaScript", 0, 19, 0, 0, 0, 0, 0, 9, 1, 29
"c:\wamp64\www\roleandpermission\public\bootstrap-iconpicker\js\bootstrap-iconpicker.js", "JavaScript", 0, 462, 0, 0, 0, 0, 0, 34, 55, 551
"c:\wamp64\www\roleandpermission\public\bootstrap-iconpicker\js\bootstrap-iconpicker.min.js", "JavaScript", 0, 1, 0, 0, 0, 0, 0, 9, 1, 11
"c:\wamp64\www\roleandpermission\public\bootstrap-iconpicker\js\iconset\fontawesome5-3-1-pro.js", "JavaScript", 0, 2647, 0, 0, 0, 0, 0, 6, 2, 2655
"c:\wamp64\www\roleandpermission\public\bootstrap-iconpicker\js\iconset\fontawesome5-3-1.js", "JavaScript", 0, 1351, 0, 0, 0, 0, 0, 6, 2, 1359
"c:\wamp64\www\roleandpermission\public\bootstrap-iconpicker\js\iconset\fontawesome5-3-1.min.js", "JavaScript", 0, 1, 0, 0, 0, 0, 0, 0, 0, 1
"c:\wamp64\www\roleandpermission\public\bootstrap-iconpicker\js\iconset\ionicon2-0-1.js", "JavaScript", 0, 743, 0, 0, 0, 0, 0, 6, 2, 751
"c:\wamp64\www\roleandpermission\public\bootstrap-iconpicker\js\iconset\materialdesign2-2-0.js", "JavaScript", 0, 828, 0, 0, 0, 0, 0, 6, 2, 836
"c:\wamp64\www\roleandpermission\public\bootstrap-iconpicker\js\jquery-menu-editor.js", "JavaScript", 0, 1018, 0, 0, 0, 0, 0, 225, 157, 1400
"c:\wamp64\www\roleandpermission\public\bootstrap-iconpicker\js\jquery-menu-editor.min.js", "JavaScript", 0, 3, 0, 0, 0, 0, 0, 9, 0, 12
"c:\wamp64\www\roleandpermission\public\css\Backend\app.css", "CSS", 0, 0, 0, 307, 0, 0, 0, 17, 58, 382
"c:\wamp64\www\roleandpermission\public\css\Backend\blog.css", "CSS", 0, 0, 0, 282, 0, 0, 0, 13, 53, 348
"c:\wamp64\www\roleandpermission\public\css\Backend\company.css", "CSS", 0, 0, 0, 276, 0, 0, 0, 23, 38, 337
"c:\wamp64\www\roleandpermission\public\css\Backend\create.css", "CSS", 0, 0, 0, 336, 0, 0, 0, 9, 43, 388
"c:\wamp64\www\roleandpermission\public\css\Backend\module.css", "CSS", 0, 0, 0, 303, 0, 0, 0, 25, 39, 367
"c:\wamp64\www\roleandpermission\public\css\auth\login.css", "CSS", 0, 0, 0, 111, 0, 0, 0, 0, 16, 127
"c:\wamp64\www\roleandpermission\public\css\auth\register.css", "CSS", 0, 0, 0, 114, 0, 0, 0, 5, 21, 140
"c:\wamp64\www\roleandpermission\public\css\frontend\blogcategory.css", "CSS", 0, 0, 0, 269, 0, 0, 0, 7, 40, 316
"c:\wamp64\www\roleandpermission\public\css\frontend\blogs.css", "CSS", 0, 0, 0, 301, 0, 0, 0, 9, 49, 359
"c:\wamp64\www\roleandpermission\public\css\frontend\footer.css", "CSS", 0, 0, 0, 116, 0, 0, 0, 0, 14, 130
"c:\wamp64\www\roleandpermission\public\css\frontend\header.css", "CSS", 0, 0, 0, 114, 0, 0, 0, 1, 7, 122
"c:\wamp64\www\roleandpermission\public\css\frontend\home.css", "CSS", 0, 0, 0, 276, 0, 0, 0, 7, 46, 329
"c:\wamp64\www\roleandpermission\public\css\frontend\news.css", "CSS", 0, 0, 0, 301, 0, 0, 0, 9, 51, 361
"c:\wamp64\www\roleandpermission\public\css\frontend\particularblog.css", "CSS", 0, 0, 0, 366, 0, 0, 0, 9, 59, 434
"c:\wamp64\www\roleandpermission\public\css\frontend\particularnews.css", "CSS", 0, 0, 0, 366, 0, 0, 0, 9, 59, 434
"c:\wamp64\www\roleandpermission\public\css\welcome.css", "CSS", 0, 0, 0, 68, 0, 0, 0, 1, 11, 80
"c:\wamp64\www\roleandpermission\public\index.php", "PHP", 9, 0, 0, 0, 0, 0, 0, 3, 6, 18
"c:\wamp64\www\roleandpermission\public\js\apexcharts.js", "JavaScript", 0, 81, 0, 0, 0, 0, 0, 25, 7, 113
"c:\wamp64\www\roleandpermission\public\js\bootstrap.js", "JavaScript", 0, 371, 0, 0, 0, 0, 0, 257, 181, 809
"c:\wamp64\www\roleandpermission\public\js\config.js", "JavaScript", 0, 18, 0, 0, 0, 0, 0, 7, 3, 28
"c:\wamp64\www\roleandpermission\public\js\dashboards-analytics.js", "JavaScript", 0, 637, 0, 0, 0, 0, 0, 16, 10, 663
"c:\wamp64\www\roleandpermission\public\js\helpers.js", "JavaScript", 0, 76, 0, 0, 0, 0, 0, 21, 4, 101
"c:\wamp64\www\roleandpermission\public\js\jquery.js", "JavaScript", 0, 80, 0, 0, 0, 0, 0, 25, 7, 112
"c:\wamp64\www\roleandpermission\public\js\main.js", "JavaScript", 0, 75, 0, 0, 0, 0, 0, 24, 20, 119
"c:\wamp64\www\roleandpermission\public\js\menu.js", "JavaScript", 0, 76, 0, 0, 0, 0, 0, 21, 4, 101
"c:\wamp64\www\roleandpermission\public\js\perfect-scrollbar.js", "JavaScript", 0, 80, 0, 0, 0, 0, 0, 25, 7, 112
"c:\wamp64\www\roleandpermission\public\js\popper.js", "JavaScript", 0, 80, 0, 0, 0, 0, 0, 25, 7, 112
"c:\wamp64\www\roleandpermission\public\vendor\file-manager\css\file-manager.css", "CSS", 0, 0, 0, 2, 0, 0, 0, 7, 1, 10
"c:\wamp64\www\roleandpermission\public\vendor\file-manager\js\file-manager.js", "JavaScript", 0, 103, 0, 0, 0, 0, 0, 10, 2, 115
"c:\wamp64\www\roleandpermission\resources\css\app.css", "CSS", 0, 0, 0, 3, 0, 0, 0, 0, 1, 4
"c:\wamp64\www\roleandpermission\resources\js\app.js", "JavaScript", 0, 1, 0, 0, 0, 0, 0, 0, 1, 2
"c:\wamp64\www\roleandpermission\resources\js\bootstrap.js", "JavaScript", 0, 4, 0, 0, 0, 0, 0, 23, 8, 35
"c:\wamp64\www\roleandpermission\resources\sass\_variables.scss", "SCSS", 0, 0, 4, 0, 0, 0, 0, 2, 2, 8
"c:\wamp64\www\roleandpermission\resources\sass\app.scss", "SCSS", 0, 0, 3, 0, 0, 0, 0, 3, 3, 9
"c:\wamp64\www\roleandpermission\resources\views\Backend\Citylist\create.blade.php", "PHP", 1, 0, 0, 0, 0, 0, 0, 0, 0, 1
"c:\wamp64\www\roleandpermission\resources\views\Backend\Citylist\edit.blade.php", "PHP", 23, 0, 0, 0, 0, 0, 0, 0, 2, 25
"c:\wamp64\www\roleandpermission\resources\views\Backend\Citylist\index.blade.php", "PHP", 81, 0, 0, 0, 0, 0, 0, 0, 7, 88
"c:\wamp64\www\roleandpermission\resources\views\Backend\Countrylist\create.blade.php", "PHP", 20, 0, 0, 0, 0, 0, 0, 0, 2, 22
"c:\wamp64\www\roleandpermission\resources\views\Backend\Countrylist\edit.blade.php", "PHP", 29, 0, 0, 0, 0, 0, 0, 0, 2, 31
"c:\wamp64\www\roleandpermission\resources\views\Backend\Countrylist\index.blade.php", "PHP", 86, 0, 0, 0, 0, 0, 0, 0, 8, 94
"c:\wamp64\www\roleandpermission\resources\views\Backend\Statelist\create.blade.php", "PHP", 1, 0, 0, 0, 0, 0, 0, 0, 0, 1
"c:\wamp64\www\roleandpermission\resources\views\Backend\Statelist\edit.blade.php", "PHP", 23, 0, 0, 0, 0, 0, 0, 0, 2, 25
"c:\wamp64\www\roleandpermission\resources\views\Backend\Statelist\index.blade.php", "PHP", 81, 0, 0, 0, 0, 0, 0, 0, 7, 88
"c:\wamp64\www\roleandpermission\resources\views\Backend\Test\create.blade.php", "PHP", 1, 0, 0, 0, 0, 0, 0, 0, 0, 1
"c:\wamp64\www\roleandpermission\resources\views\Backend\Test\edit.blade.php", "PHP", 1, 0, 0, 0, 0, 0, 0, 0, 0, 1
"c:\wamp64\www\roleandpermission\resources\views\Backend\Test\index.blade.php", "PHP", 11, 0, 0, 0, 0, 0, 0, 0, 0, 11
"c:\wamp64\www\roleandpermission\resources\views\Backend\blog\category_create.blade.php", "PHP", 20, 0, 0, 0, 0, 0, 0, 0, 3, 23
"c:\wamp64\www\roleandpermission\resources\views\Backend\blog\category_edit.blade.php", "PHP", 21, 0, 0, 0, 0, 0, 0, 0, 3, 24
"c:\wamp64\www\roleandpermission\resources\views\Backend\blog\category_index.blade.php", "PHP", 70, 0, 0, 0, 0, 0, 0, 0, 6, 76
"c:\wamp64\www\roleandpermission\resources\views\Backend\blog\create.blade.php", "PHP", 135, 0, 0, 0, 0, 0, 0, 0, 5, 140
"c:\wamp64\www\roleandpermission\resources\views\Backend\blog\edit.blade.php", "PHP", 149, 0, 0, 0, 0, 0, 0, 0, 9, 158
"c:\wamp64\www\roleandpermission\resources\views\Backend\blog\index.blade.php", "PHP", 109, 0, 0, 0, 0, 0, 0, 4, 8, 121
"c:\wamp64\www\roleandpermission\resources\views\Backend\company\create.blade.php", "PHP", 30, 0, 0, 0, 0, 0, 0, 0, 6, 36
"c:\wamp64\www\roleandpermission\resources\views\Backend\company\edit.blade.php", "PHP", 31, 0, 0, 0, 0, 0, 0, 0, 6, 37
"c:\wamp64\www\roleandpermission\resources\views\Backend\company\index.blade.php", "PHP", 255, 0, 0, 0, 0, 0, 0, 8, 20, 283
"c:\wamp64\www\roleandpermission\resources\views\Backend\department\create.blade.php", "PHP", 20, 0, 0, 0, 0, 0, 0, 0, 2, 22
"c:\wamp64\www\roleandpermission\resources\views\Backend\department\edit.blade.php", "PHP", 23, 0, 0, 0, 0, 0, 0, 0, 1, 24
"c:\wamp64\www\roleandpermission\resources\views\Backend\department\index.blade.php", "PHP", 100, 0, 0, 0, 0, 0, 0, 0, 9, 109
"c:\wamp64\www\roleandpermission\resources\views\Backend\designation\create.blade.php", "PHP", 43, 0, 0, 0, 0, 0, 0, 0, 2, 45
"c:\wamp64\www\roleandpermission\resources\views\Backend\designation\edit.blade.php", "PHP", 45, 0, 0, 0, 0, 0, 0, 0, 1, 46
"c:\wamp64\www\roleandpermission\resources\views\Backend\designation\index.blade.php", "PHP", 110, 0, 0, 0, 0, 0, 0, 0, 9, 119
"c:\wamp64\www\roleandpermission\resources\views\Backend\domain\create.blade.php", "PHP", 105, 0, 0, 0, 0, 0, 0, 0, 5, 110
"c:\wamp64\www\roleandpermission\resources\views\Backend\domain\edit.blade.php", "PHP", 107, 0, 0, 0, 0, 0, 0, 0, 3, 110
"c:\wamp64\www\roleandpermission\resources\views\Backend\domain\index.blade.php", "PHP", 110, 0, 0, 0, 0, 0, 0, 0, 9, 119
"c:\wamp64\www\roleandpermission\resources\views\Backend\filemanager\index.blade.php", "PHP", 59, 0, 0, 0, 0, 0, 0, 0, 29, 88
"c:\wamp64\www\roleandpermission\resources\views\Backend\home.blade.php", "PHP", 20, 0, 0, 0, 0, 0, 0, 0, 4, 24
"c:\wamp64\www\roleandpermission\resources\views\Backend\language\create.blade.php", "PHP", 25, 0, 0, 0, 0, 0, 0, 0, 4, 29
"c:\wamp64\www\roleandpermission\resources\views\Backend\language\edit.blade.php", "PHP", 27, 0, 0, 0, 0, 0, 0, 0, 3, 30
"c:\wamp64\www\roleandpermission\resources\views\Backend\language\index.blade.php", "PHP", 105, 0, 0, 0, 0, 0, 0, 0, 9, 114
"c:\wamp64\www\roleandpermission\resources\views\Backend\layouts\app.blade.php", "PHP", 132, 0, 0, 0, 0, 0, 0, 6, 25, 163
"c:\wamp64\www\roleandpermission\resources\views\Backend\layouts\backupapp.blade.php", "PHP", 24, 0, 0, 0, 0, 0, 0, 0, 9, 33
"c:\wamp64\www\roleandpermission\resources\views\Backend\layouts\header.blade.php", "PHP", 15, 0, 0, 0, 0, 0, 0, 0, 4, 19
"c:\wamp64\www\roleandpermission\resources\views\Backend\layouts\sidebar.blade.php", "PHP", 300, 0, 0, 0, 0, 0, 0, 8, 50, 358
"c:\wamp64\www\roleandpermission\resources\views\Backend\layouts\sidebarbackup.blade.php", "PHP", 96, 0, 0, 0, 0, 0, 0, 1, 8, 105
"c:\wamp64\www\roleandpermission\resources\views\Backend\menu\create.blade.php", "PHP", 137, 0, 0, 0, 0, 0, 0, 2, 16, 155
"c:\wamp64\www\roleandpermission\resources\views\Backend\menu\create1.blade.php", "PHP", 25, 0, 0, 0, 0, 0, 0, 0, 0, 25
"c:\wamp64\www\roleandpermission\resources\views\Backend\menu\edit.blade.php", "PHP", 27, 0, 0, 0, 0, 0, 0, 0, 0, 27
"c:\wamp64\www\roleandpermission\resources\views\Backend\menu\index.blade.php", "PHP", 95, 0, 0, 0, 0, 0, 0, 0, 8, 103
"c:\wamp64\www\roleandpermission\resources\views\Backend\module\create.blade.php", "PHP", 31, 0, 0, 0, 0, 0, 0, 0, 0, 31
"c:\wamp64\www\roleandpermission\resources\views\Backend\module\edit.blade.php", "PHP", 24, 0, 0, 0, 0, 0, 0, 0, 0, 24
"c:\wamp64\www\roleandpermission\resources\views\Backend\module\index.blade.php", "PHP", 255, 0, 0, 0, 0, 0, 0, 1, 29, 285
"c:\wamp64\www\roleandpermission\resources\views\Backend\module\mvctable.blade.php", "PHP", 31, 0, 0, 0, 0, 0, 0, 0, 3, 34
"c:\wamp64\www\roleandpermission\resources\views\Backend\module\permission_create.blade.php", "PHP", 24, 0, 0, 0, 0, 0, 0, 0, 0, 24
"c:\wamp64\www\roleandpermission\resources\views\Backend\module\recycleindex.blade.php", "PHP", 97, 0, 0, 0, 0, 0, 0, 0, 8, 105
"c:\wamp64\www\roleandpermission\resources\views\Backend\module\subcreate.blade.php", "PHP", 23, 0, 0, 0, 0, 0, 0, 0, 0, 23
"c:\wamp64\www\roleandpermission\resources\views\Backend\news\category_create.blade.php", "PHP", 20, 0, 0, 0, 0, 0, 0, 0, 3, 23
"c:\wamp64\www\roleandpermission\resources\views\Backend\news\category_edit.blade.php", "PHP", 21, 0, 0, 0, 0, 0, 0, 0, 2, 23
"c:\wamp64\www\roleandpermission\resources\views\Backend\news\category_index.blade.php", "PHP", 65, 0, 0, 0, 0, 0, 0, 0, 5, 70
"c:\wamp64\www\roleandpermission\resources\views\Backend\news\create.blade.php", "PHP", 141, 0, 0, 0, 0, 0, 0, 0, 5, 146
"c:\wamp64\www\roleandpermission\resources\views\Backend\news\edit.blade.php", "PHP", 171, 0, 0, 0, 0, 0, 0, 0, 9, 180
"c:\wamp64\www\roleandpermission\resources\views\Backend\news\index.blade.php", "PHP", 136, 0, 0, 0, 0, 0, 0, 11, 9, 156
"c:\wamp64\www\roleandpermission\resources\views\Backend\pages\create.blade.php", "PHP", 45, 0, 0, 0, 0, 0, 0, 0, 4, 49
"c:\wamp64\www\roleandpermission\resources\views\Backend\pages\edit.blade.php", "PHP", 45, 0, 0, 0, 0, 0, 0, 0, 4, 49
"c:\wamp64\www\roleandpermission\resources\views\Backend\pages\index.blade.php", "PHP", 106, 0, 0, 0, 0, 0, 0, 0, 5, 111
"c:\wamp64\www\roleandpermission\resources\views\Backend\products\create.blade.php", "PHP", 43, 0, 0, 0, 0, 0, 0, 0, 6, 49
"c:\wamp64\www\roleandpermission\resources\views\Backend\products\edit.blade.php", "PHP", 44, 0, 0, 0, 0, 0, 0, 0, 6, 50
"c:\wamp64\www\roleandpermission\resources\views\Backend\products\index.blade.php", "PHP", 138, 0, 0, 0, 0, 0, 0, 21, 22, 181
"c:\wamp64\www\roleandpermission\resources\views\Backend\products\show.blade.php", "PHP", 27, 0, 0, 0, 0, 0, 0, 0, 4, 31
"c:\wamp64\www\roleandpermission\resources\views\Backend\roles\access.blade.php", "PHP", 197, 0, 0, 0, 0, 0, 0, 8, 27, 232
"c:\wamp64\www\roleandpermission\resources\views\Backend\roles\create.blade.php", "PHP", 38, 0, 0, 0, 0, 0, 0, 0, 5, 43
"c:\wamp64\www\roleandpermission\resources\views\Backend\roles\edit.blade.php", "PHP", 40, 0, 0, 0, 0, 0, 0, 0, 4, 44
"c:\wamp64\www\roleandpermission\resources\views\Backend\roles\index.blade.php", "PHP", 135, 0, 0, 0, 0, 0, 0, 21, 22, 178
"c:\wamp64\www\roleandpermission\resources\views\Backend\roles\show.blade.php", "PHP", 39, 0, 0, 0, 0, 0, 0, 0, 3, 42
"c:\wamp64\www\roleandpermission\resources\views\Backend\users\create.blade.php", "PHP", 179, 0, 0, 0, 0, 0, 0, 8, 17, 204
"c:\wamp64\www\roleandpermission\resources\views\Backend\users\edit.blade.php", "PHP", 185, 0, 0, 0, 0, 0, 0, 8, 20, 213
"c:\wamp64\www\roleandpermission\resources\views\Backend\users\index.blade.php", "PHP", 140, 0, 0, 0, 0, 0, 0, 21, 22, 183
"c:\wamp64\www\roleandpermission\resources\views\Backend\users\show.blade.php", "PHP", 37, 0, 0, 0, 0, 0, 0, 0, 3, 40
"c:\wamp64\www\roleandpermission\resources\views\auth\login.blade.php", "PHP", 48, 0, 0, 0, 0, 0, 0, 0, 9, 57
"c:\wamp64\www\roleandpermission\resources\views\auth\passwords\confirm.blade.php", "PHP", 41, 0, 0, 0, 0, 0, 0, 0, 9, 50
"c:\wamp64\www\roleandpermission\resources\views\auth\passwords\email.blade.php", "PHP", 40, 0, 0, 0, 0, 0, 0, 0, 8, 48
"c:\wamp64\www\roleandpermission\resources\views\auth\passwords\reset.blade.php", "PHP", 53, 0, 0, 0, 0, 0, 0, 0, 13, 66
"c:\wamp64\www\roleandpermission\resources\views\auth\register.blade.php", "PHP", 65, 0, 0, 0, 0, 0, 0, 0, 14, 79
"c:\wamp64\www\roleandpermission\resources\views\auth\verify.blade.php", "PHP", 25, 0, 0, 0, 0, 0, 0, 0, 4, 29
"c:\wamp64\www\roleandpermission\resources\views\dashboard.blade.php", "PHP", 28, 0, 0, 0, 0, 0, 0, 0, 2, 30
"c:\wamp64\www\roleandpermission\resources\views\errors\403.blade.php", "PHP", 38, 0, 0, 0, 0, 0, 0, 0, 4, 42
"c:\wamp64\www\roleandpermission\resources\views\frontend\Blog\blogcategory.blade.php", "PHP", 25, 0, 0, 0, 0, 0, 0, 0, 0, 25
"c:\wamp64\www\roleandpermission\resources\views\frontend\Blog\blogs.blade.php", "PHP", 136, 0, 0, 0, 0, 0, 0, 4, 9, 149
"c:\wamp64\www\roleandpermission\resources\views\frontend\Blog\particularblog.blade.php", "PHP", 36, 0, 0, 0, 0, 0, 0, 0, 3, 39
"c:\wamp64\www\roleandpermission\resources\views\frontend\Dashboard\dashboard.blade.php", "PHP", 38, 0, 0, 0, 0, 0, 0, 0, 3, 41
"c:\wamp64\www\roleandpermission\resources\views\frontend\News\news.blade.php", "PHP", 136, 0, 0, 0, 0, 0, 0, 3, 11, 150
"c:\wamp64\www\roleandpermission\resources\views\frontend\News\newscategory.blade.php", "PHP", 25, 0, 0, 0, 0, 0, 0, 0, 0, 25
"c:\wamp64\www\roleandpermission\resources\views\frontend\News\particularnews.blade.php", "PHP", 35, 0, 0, 0, 0, 0, 0, 0, 1, 36
"c:\wamp64\www\roleandpermission\resources\views\frontend\layout\app.blade.php", "PHP", 18, 0, 0, 0, 0, 0, 0, 0, 2, 20
"c:\wamp64\www\roleandpermission\resources\views\frontend\layout\footer.blade.php", "PHP", 31, 0, 0, 0, 0, 0, 0, 0, 1, 32
"c:\wamp64\www\roleandpermission\resources\views\frontend\layout\header.blade.php", "PHP", 27, 0, 0, 0, 0, 0, 0, 0, 1, 28
"c:\wamp64\www\roleandpermission\resources\views\welcome.blade.php", "PHP", 24, 0, 0, 0, 0, 0, 0, 0, 10, 34
"c:\wamp64\www\roleandpermission\routes\console.php", "PHP", 6, 0, 0, 0, 0, 0, 0, 0, 3, 9
"c:\wamp64\www\roleandpermission\routes\web.php", "PHP", 161, 0, 0, 0, 0, 0, 0, 22, 45, 228
"c:\wamp64\www\roleandpermission\tailwind.config.js", "JavaScript", 0, 18, 0, 0, 0, 0, 0, 1, 2, 21
"c:\wamp64\www\roleandpermission\tests\Feature\ExampleTest.php", "PHP", 11, 0, 0, 0, 0, 0, 0, 4, 5, 20
"c:\wamp64\www\roleandpermission\tests\TestCase.php", "PHP", 6, 0, 0, 0, 0, 0, 0, 1, 4, 11
"c:\wamp64\www\roleandpermission\tests\Unit\ExampleTest.php", "PHP", 10, 0, 0, 0, 0, 0, 0, 3, 4, 17
"c:\wamp64\www\roleandpermission\vite-module-loader.js", "JavaScript", 0, 33, 0, 0, 0, 0, 0, 7, 12, 52
"c:\wamp64\www\roleandpermission\vite.config.js", "JavaScript", 0, 13, 0, 0, 0, 0, 0, 0, 2, 15
"Total", "-", 10816, 35212, 7, 3991, 45, 31, 12913, 2777, 3171, 68963